{
    "simplex": 0.7262721786499023,
    "interior_point": 1.0333859624862671
}