{
    "simplex": 2.0498371047973634,
    "interior_point": 2.2536788244247434
}