{
    "total_time": {
        "dantzig": 659.6540861129761,
        "random": 1887.6456260681152,
        "bland": 3619.9928464889526,
        "steepest_edge": 801.486608505249
    },
    "num_pivot_steps": {
        "dantzig": 38.344,
        "random": 102.648,
        "bland": 166.096,
        "steepest_edge": 35.936
    }
}