{
    "simplex": 14.8826299200058,
    "interior_point": 10.44898287010193
}