{
    "total_time": {
        "dantzig": 6548.840067863464,
        "random": 14017.200002670288,
        "bland": 33433.515209198,
        "steepest_edge": 4116.650765419006
    },
    "num_pivot_steps": {
        "dantzig": 127.268,
        "random": 304.188,
        "bland": 594.888,
        "steepest_edge": 79.888
    }
}