{
    "total_time": {
        "dantzig": 7.941019058227539,
        "random": 11.149446487426758,
        "bland": 10.060518264770508,
        "steepest_edge": 7.723501205444336
    },
    "num_pivot_steps": {
        "dantzig": 7.612,
        "random": 11.048,
        "bland": 10.856,
        "steepest_edge": 6.744
    }
}