{
    "total_time": {
        "dantzig": 6800.275573730469,
        "random": 10924.562870979309,
        "bland": 24336.147037506104,
        "steepest_edge": 2600.301538467407
    },
    "num_pivot_steps_first_phase": {
        "dantzig": 131.18,
        "random": 255.392,
        "bland": 475.292,
        "steepest_edge": 65.34
    },
    "num_pivot_steps_second_phase": {
        "dantzig": 0,
        "random": 0,
        "bland": 0,
        "steepest_edge": 0
    },
    "num_pivot_steps_total": {
        "dantzig": 131.18,
        "random": 255.392,
        "bland": 475.292,
        "steepest_edge": 65.34
    }
}