{
    "simplex": 0.5954930810928345,
    "interior_point": 1.8900661487579347
}