{
    "simplex": 0.21713044834136963,
    "interior_point": 0.28829007720947264
}