{
    "simplex": 0.0497246150970459,
    "interior_point": 0.061424072265625
}