{
    "simplex": 0.014056456565856934,
    "interior_point": 0.008615396499633788
}