{
    "simplex": 0.02577221965789795,
    "interior_point": 0.031636019706726075
}