{
    "total_time": {
        "dantzig": 1.0817031860351562,
        "random": 1.8934307098388672,
        "bland": 1.4117097854614258,
        "steepest_edge": 1.0423517227172852
    },
    "num_pivot_steps_first_phase": {
        "dantzig": 3.1942148760330578,
        "random": 4.363636363636363,
        "bland": 4.144628099173554,
        "steepest_edge": 3.0371900826446283
    },
    "num_pivot_steps_second_phase": {
        "dantzig": 2.3612334801762116,
        "random": 2.643171806167401,
        "bland": 2.748898678414097,
        "steepest_edge": 2.079295154185022
    },
    "num_pivot_steps_total": {
        "dantzig": 5.351239669421488,
        "random": 6.764462809917355,
        "bland": 6.6735537190082646,
        "steepest_edge": 4.925619834710743
    }
}