{
    "simplex": 0.5350351934432983,
    "interior_point": 0.6769529371261597
}