{
    "simplex": 42.864196086883545,
    "interior_point": 21.188039960861207
}