{
    "simplex": 26.12347181510925,
    "interior_point": 15.279987288475036
}