{
    "total_time": {
        "dantzig": 211.23125553131104,
        "random": 408.5714502334595,
        "bland": 572.2230281829834,
        "steepest_edge": 166.03345108032227
    },
    "num_pivot_steps_first_phase": {
        "dantzig": 23.748,
        "random": 54.14,
        "bland": 68.368,
        "steepest_edge": 18.672
    },
    "num_pivot_steps_second_phase": {
        "dantzig": 14.256,
        "random": 23.372,
        "bland": 27.252,
        "steepest_edge": 13.732
    },
    "num_pivot_steps_total": {
        "dantzig": 38.004,
        "random": 77.512,
        "bland": 95.62,
        "steepest_edge": 32.404
    }
}