{
    "total_time": {
        "dantzig": 25.190857887268066,
        "random": 44.69462013244629,
        "bland": 44.13021469116211,
        "steepest_edge": 26.222418785095215
    },
    "num_pivot_steps": {
        "dantzig": 15.228,
        "random": 27.108,
        "bland": 28.336,
        "steepest_edge": 13.632
    }
}