{
    "simplex": 0.02630514335632324,
    "interior_point": 0.02163371467590332
}