{
    "simplex": 0.07963925075531006,
    "interior_point": 0.09675267028808594
}