{
    "total_time": {
        "dantzig": 8651.915150642395,
        "random": 18357.475568771362,
        "bland": 46834.721426963806,
        "steepest_edge": 5256.85733795166
    },
    "num_pivot_steps": {
        "dantzig": 140.732,
        "random": 336.392,
        "bland": 689.444,
        "steepest_edge": 86.516
    }
}