{
    "total_time": {
        "dantzig": 9.431714057922363,
        "random": 14.146031379699707,
        "bland": 14.460278511047363,
        "steepest_edge": 8.3831148147583
    },
    "num_pivot_steps_first_phase": {
        "dantzig": 7.112,
        "random": 12.1,
        "bland": 12.308,
        "steepest_edge": 6.32
    },
    "num_pivot_steps_second_phase": {
        "dantzig": 5.080971659919029,
        "random": 7.315789473684211,
        "bland": 7.3562753036437245,
        "steepest_edge": 5.040485829959514
    },
    "num_pivot_steps_total": {
        "dantzig": 12.132,
        "random": 19.328,
        "bland": 19.576,
        "steepest_edge": 11.3
    }
}