{
    "simplex": 3.756134016036987,
    "interior_point": 9.31981932926178
}