{
    "simplex": 12.145260172843933,
    "interior_point": 8.992880029678345
}