{
    "simplex": 0.11792709636688233,
    "interior_point": 0.3273448781967163
}