{
    "total_time": {
        "dantzig": 558.8349008560181,
        "random": 1171.7092456817627,
        "bland": 1811.9420337677002,
        "steepest_edge": 437.3800401687622
    },
    "num_pivot_steps": {
        "dantzig": 52.236,
        "random": 113.048,
        "bland": 159.756,
        "steepest_edge": 38.084
    }
}