{
    "simplex": 1.4203740224838257,
    "interior_point": 1.7425021619796752
}