{
    "total_time": {
        "dantzig": 18993.921699523926,
        "random": 38386.66383552551,
        "bland": 116049.42697429657,
        "steepest_edge": 10365.58301448822
    },
    "num_pivot_steps": {
        "dantzig": 184.892,
        "random": 446.604,
        "bland": 1038.14,
        "steepest_edge": 107.032
    }
}