{
    "simplex": 2.4012081880569456,
    "interior_point": 2.780568389892578
}