{
    "total_time": {
        "dantzig": 259.9092149734497,
        "random": 716.1954698562622,
        "bland": 1081.0503568649292,
        "steepest_edge": 317.84972763061523
    },
    "num_pivot_steps": {
        "dantzig": 27.996,
        "random": 72.788,
        "bland": 98.888,
        "steepest_edge": 26.4
    }
}