{
    "total_time": {
        "dantzig": 36.159257888793945,
        "random": 60.737996101379395,
        "bland": 68.96946239471436,
        "steepest_edge": 31.814255714416504
    },
    "num_pivot_steps_first_phase": {
        "dantzig": 12.676,
        "random": 24.3,
        "bland": 26.612,
        "steepest_edge": 10.668
    },
    "num_pivot_steps_second_phase": {
        "dantzig": 7.943548387096774,
        "random": 11.17741935483871,
        "bland": 12.116935483870968,
        "steepest_edge": 7.67741935483871
    },
    "num_pivot_steps_total": {
        "dantzig": 20.556,
        "random": 35.388,
        "bland": 38.632,
        "steepest_edge": 18.284
    }
}