{
    "total_time": {
        "dantzig": 9.197840690612793,
        "random": 15.010992050170898,
        "bland": 12.605841636657715,
        "steepest_edge": 7.137702941894531
    },
    "num_pivot_steps": {
        "dantzig": 10.064,
        "random": 16.272,
        "bland": 16.592,
        "steepest_edge": 9.108
    }
}