{
    "total_time": {
        "dantzig": 30.00892734527588,
        "random": 49.45728015899658,
        "bland": 55.28989028930664,
        "steepest_edge": 28.56162452697754
    },
    "num_pivot_steps": {
        "dantzig": 13.124,
        "random": 21.876,
        "bland": 23.656,
        "steepest_edge": 11.276
    }
}