{
    "total_time": {
        "dantzig": 1223.2778797149658,
        "random": 2666.6247510910034,
        "bland": 4712.417642593384,
        "steepest_edge": 919.780345916748
    },
    "num_pivot_steps": {
        "dantzig": 69.12,
        "random": 157.948,
        "bland": 246.168,
        "steepest_edge": 48.956
    }
}