{
    "simplex": 0.41104833126068113,
    "interior_point": 1.3114357395172118
}