{
    "total_time": {
        "dantzig": 36.50930213928223,
        "random": 80.4126501083374,
        "bland": 93.84538173675537,
        "steepest_edge": 45.91985607147217
    },
    "num_pivot_steps": {
        "dantzig": 14.312,
        "random": 29.996,
        "bland": 34.164,
        "steepest_edge": 13.872
    }
}