{
    "simplex": 6.309834652900696,
    "interior_point": 5.741824388504028
}