{
    "simplex": 0.03228536319732666,
    "interior_point": 0.03164099884033203
}