{
    "simplex": 1.6529915256500245,
    "interior_point": 4.736247392654419
}