{
    "total_time": {
        "dantzig": 14476.381572723389,
        "random": 30033.92359828949,
        "bland": 85507.31262016296,
        "steepest_edge": 8240.365980148315
    },
    "num_pivot_steps": {
        "dantzig": 167.692,
        "random": 408.4,
        "bland": 899.084,
        "steepest_edge": 99.392
    }
}