{
    "simplex": 2.885892690658569,
    "interior_point": 7.551206392288208
}