{
    "simplex": 0.9743501243591308,
    "interior_point": 1.2928926906585694
}