{
    "simplex": 0.35904396057128907,
    "interior_point": 0.5805391979217529
}