{
    "simplex": 31.181538482666017,
    "interior_point": 16.830746861457826
}