{
    "simplex": 1.2196670217514038,
    "interior_point": 3.5775967531204222
}