{
    "simplex": 0.6850257740020752,
    "interior_point": 0.9301304216384888
}