{
    "total_time": {
        "dantzig": 3.9177446365356445,
        "random": 6.931058883666992,
        "bland": 6.950723648071289,
        "steepest_edge": 2.482677459716797
    },
    "num_pivot_steps": {
        "dantzig": 6.78,
        "random": 11.068,
        "bland": 11.272,
        "steepest_edge": 6.688
    }
}