{
    "total_time": {
        "dantzig": 112.24362373352051,
        "random": 217.25577449798584,
        "bland": 265.85917949676514,
        "steepest_edge": 100.94272232055664
    },
    "num_pivot_steps": {
        "dantzig": 27.76,
        "random": 54.84,
        "bland": 63.976,
        "steepest_edge": 22.64
    }
}