{
    "total_time": {
        "dantzig": 4.387820020635077,
        "random": 6.932025260113655,
        "steepest_edge": 3.953213387347282
    },
    "num_pivot_steps_first_phase": {
        "dantzig": 6.717391304347826,
        "random": 10.369565217391305,
        "steepest_edge": 6.043478260869565
    },
    "num_pivot_steps_second_phase": {
        "dantzig": 3.6739130434782608,
        "random": 4.913043478260869,
        "steepest_edge": 3.0434782608695654
    },
    "num_pivot_steps_total": {
        "dantzig": 10.369565217391305,
        "random": 15.173913043478262,
        "steepest_edge": 9.043478260869565
    }
}