{
    "total_time": {
        "dantzig": 405.3201656341553,
        "random": 667.8874664306641,
        "bland": 942.5876111984253,
        "steepest_edge": 234.87355613708496
    },
    "num_pivot_steps_first_phase": {
        "dantzig": 41.828,
        "random": 76.94,
        "bland": 100.256,
        "steepest_edge": 27.604
    },
    "num_pivot_steps_second_phase": {
        "dantzig": 0,
        "random": 0,
        "bland": 0,
        "steepest_edge": 0
    },
    "num_pivot_steps_total": {
        "dantzig": 41.828,
        "random": 76.94,
        "bland": 100.256,
        "steepest_edge": 27.604
    }
}