{
    "simplex": 0.2876327238082886,
    "interior_point": 0.8830192260742188
}