{
    "simplex": 3.0914671850204467,
    "interior_point": 3.317676134109497
}