{
    "total_time": {
        "dantzig": 338.48863792419434,
        "random": 696.6642951965332,
        "bland": 982.5830135345459,
        "steepest_edge": 270.86396884918213
    },
    "num_pivot_steps": {
        "dantzig": 33.012,
        "random": 69.348,
        "bland": 90.708,
        "steepest_edge": 24.568
    }
}