{
    "simplex": 0.27130711364746096,
    "interior_point": 0.40565440368652345
}