{
    "total_time": {
        "dantzig": 974.818995475769,
        "random": 2787.6900606155396,
        "bland": 5739.778944015503,
        "steepest_edge": 1147.6113739013672
    },
    "num_pivot_steps": {
        "dantzig": 43.444,
        "random": 116.3,
        "bland": 196.924,
        "steepest_edge": 39.64
    }
}