{
    "simplex": 0.07097014141082764,
    "interior_point": 0.17550242137908936
}