{
    "total_time": {
        "dantzig": 1759.7318544387817,
        "random": 3659.2480669021606,
        "bland": 6970.6756591796875,
        "steepest_edge": 1147.47220993042
    },
    "num_pivot_steps": {
        "dantzig": 64.956,
        "random": 141.844,
        "bland": 238.676,
        "steepest_edge": 40.832
    }
}