{
    "simplex": 0.04505798721313477,
    "interior_point": 0.04921778202056885
}