{
    "simplex": 3.6149931745529176,
    "interior_point": 3.6092096061706544
}