{
    "total_time": {
        "dantzig": 0.36270618438720703,
        "random": 0.8534765243530273,
        "bland": 0.44245147705078125,
        "steepest_edge": 0.5345993041992188
    },
    "num_pivot_steps": {
        "dantzig": 2.356,
        "random": 2.816,
        "bland": 2.836,
        "steepest_edge": 2.368
    }
}