{
    "total_time": {
        "dantzig": 200.28375244140625,
        "random": 414.0779104232788,
        "bland": 536.038763999939,
        "steepest_edge": 177.75965404510498
    },
    "num_pivot_steps": {
        "dantzig": 34.472,
        "random": 73.0,
        "bland": 88.692,
        "steepest_edge": 28.052
    }
}