{
    "simplex": 0.018206067085266113,
    "interior_point": 0.014972293853759765
}