{
    "total_time": {
        "dantzig": 4935.299307823181,
        "random": 10432.085590362549,
        "bland": 24087.177275657654,
        "steepest_edge": 3170.5902814865112
    },
    "num_pivot_steps": {
        "dantzig": 115.516,
        "random": 270.74,
        "bland": 516.332,
        "steepest_edge": 73.672
    }
}