{
    "simplex": 0.07587187004089356,
    "interior_point": 0.10815236377716064
}