{
    "simplex": 50.274989356040955,
    "interior_point": 23.381292512893676
}