{
    "simplex": 0.04172843170166016,
    "interior_point": 0.08086421394348145
}