{
    "simplex": 1.5648442945480348,
    "interior_point": 1.8096754922866822
}