{
    "total_time": {
        "dantzig": 151.1994457244873,
        "random": 378.5156183242798,
        "bland": 525.7790670394897,
        "steepest_edge": 183.52561855316162
    },
    "num_pivot_steps": {
        "dantzig": 23.364,
        "random": 55.832,
        "bland": 71.452,
        "steepest_edge": 22.172
    }
}