{
    "total_time": {
        "dantzig": 171.94831466674805,
        "random": 332.9275598526001,
        "bland": 432.50354957580566,
        "steepest_edge": 143.82106113433838
    },
    "num_pivot_steps": {
        "dantzig": 25.372,
        "random": 50.216,
        "bland": 61.14,
        "steepest_edge": 19.76
    }
}