{
    "simplex": 8.515075393676758,
    "interior_point": 6.982823488235474
}