{
    "simplex": 0.18710000801086427,
    "interior_point": 0.5619166421890259
}