{
    "simplex": 0.014343412399291992,
    "interior_point": 0.010120417594909668
}