{
    "simplex": 3.985493348121643,
    "interior_point": 4.085311479568482
}