{
    "simplex": 0.133857328414917,
    "interior_point": 0.17345608234405518
}