{
    "total_time": {
        "dantzig": 78.13192939758301,
        "random": 186.7851734161377,
        "bland": 231.64878177642822,
        "steepest_edge": 97.96276569366455
    },
    "num_pivot_steps": {
        "dantzig": 18.76,
        "random": 42.532,
        "bland": 49.56,
        "steepest_edge": 18.032
    }
}