{
    "simplex": 1.992927671432495,
    "interior_point": 2.2844059143066406
}