{
    "simplex": 1.0870409193038941,
    "interior_point": 1.405228380203247
}