{
    "total_time": {
        "dantzig": 172.02783012390137,
        "random": 287.89496517181396,
        "bland": 345.5008068084717,
        "steepest_edge": 109.63649082183838
    },
    "num_pivot_steps_first_phase": {
        "dantzig": 29.376,
        "random": 53.556,
        "bland": 60.54,
        "steepest_edge": 20.696
    },
    "num_pivot_steps_second_phase": {
        "dantzig": 0,
        "random": 0,
        "bland": 0,
        "steepest_edge": 0
    },
    "num_pivot_steps_total": {
        "dantzig": 29.376,
        "random": 53.556,
        "bland": 60.54,
        "steepest_edge": 20.696
    }
}