{
    "simplex": 0.18364563751220703,
    "interior_point": 0.27245759868621827
}