{
    "simplex": 4.682341384887695,
    "interior_point": 4.428750242233276
}