{
    "simplex": 22.136111605644228,
    "interior_point": 13.502632397651672
}