{
    "total_time": {
        "dantzig": 2598.384765625,
        "random": 5377.745056152344,
        "bland": 11137.473576545715,
        "steepest_edge": 1624.8937883377075
    },
    "num_pivot_steps": {
        "dantzig": 74.164,
        "random": 163.316,
        "bland": 292.664,
        "steepest_edge": 45.524
    }
}