{
    "total_time": {
        "dantzig": 323.97673988342285,
        "random": 699.9429864883423,
        "bland": 988.8060321807861,
        "steepest_edge": 276.88501262664795
    },
    "num_pivot_steps": {
        "dantzig": 41.296,
        "random": 90.384,
        "bland": 117.644,
        "steepest_edge": 32.144
    }
}