{
    "total_time": {
        "dantzig": 12.431018829345703,
        "random": 27.258474349975586,
        "bland": 28.92969512939453,
        "steepest_edge": 14.360917091369629
    },
    "num_pivot_steps": {
        "dantzig": 10.364,
        "random": 19.536,
        "bland": 20.68,
        "steepest_edge": 10.176
    }
}