{
    "simplex": 0.012613960266113281,
    "interior_point": 0.008169964790344238
}