{
    "simplex": 0.11871918678283691,
    "interior_point": 0.1758045415878296
}