{
    "simplex": 10.411904169082641,
    "interior_point": 8.15352651309967
}