{
    "total_time": {
        "dantzig": 801.1156492233276,
        "random": 1712.7221670150757,
        "bland": 2763.2023134231567,
        "steepest_edge": 635.6875085830688
    },
    "num_pivot_steps": {
        "dantzig": 57.94,
        "random": 129.336,
        "bland": 186.228,
        "steepest_edge": 42.852
    }
}