{
    "total_time": {
        "dantzig": 76.3682336807251,
        "random": 135.2466516494751,
        "bland": 174.29119396209717,
        "steepest_edge": 68.62035369873047
    },
    "num_pivot_steps": {
        "dantzig": 18.364,
        "random": 32.964,
        "bland": 40.316,
        "steepest_edge": 15.16
    }
}