{
    "total_time": {
        "dantzig": 431.2672281265259,
        "random": 1138.2462768554688,
        "bland": 1953.0977230072021,
        "steepest_edge": 505.09209537506104
    },
    "num_pivot_steps": {
        "dantzig": 33.576,
        "random": 83.724,
        "bland": 124.808,
        "steepest_edge": 30.644
    }
}