{
    "total_time": {
        "dantzig": 3563.562494277954,
        "random": 7731.213408470154,
        "bland": 16193.099201202393,
        "steepest_edge": 2427.512417793274
    },
    "num_pivot_steps": {
        "dantzig": 102.328,
        "random": 243.16,
        "bland": 429.756,
        "steepest_edge": 68.232
    }
}