{
    "total_time": {
        "dantzig": 94.19214248657227,
        "random": 173.00385761260986,
        "bland": 217.03730869293213,
        "steepest_edge": 79.94705581665039
    },
    "num_pivot_steps_first_phase": {
        "dantzig": 17.852,
        "random": 37.748,
        "bland": 44.912,
        "steepest_edge": 14.668
    },
    "num_pivot_steps_second_phase": {
        "dantzig": 10.932,
        "random": 16.644,
        "bland": 17.932,
        "steepest_edge": 10.404
    },
    "num_pivot_steps_total": {
        "dantzig": 28.784,
        "random": 54.392,
        "bland": 62.844,
        "steepest_edge": 25.072
    }
}