{
    "simplex": 0.8646253442764282,
    "interior_point": 2.6299151573181154
}