{
    "total_time": {
        "dantzig": 1462.0029125213623,
        "random": 2525.8546857833862,
        "bland": 4127.136441230774,
        "steepest_edge": 716.521577835083
    },
    "num_pivot_steps_first_phase": {
        "dantzig": 69.144,
        "random": 138.148,
        "bland": 199.484,
        "steepest_edge": 40.756
    },
    "num_pivot_steps_second_phase": {
        "dantzig": 0,
        "random": 0,
        "bland": 0,
        "steepest_edge": 0
    },
    "num_pivot_steps_total": {
        "dantzig": 69.144,
        "random": 138.148,
        "bland": 199.484,
        "steepest_edge": 40.756
    }
}