{
    "simplex": 0.3576320095062256,
    "interior_point": 0.45685180759429933
}