{
    "total_time": {
        "dantzig": 1074.800778388977,
        "random": 2241.1768856048584,
        "bland": 3798.0194387435913,
        "steepest_edge": 732.2921018600464
    },
    "num_pivot_steps": {
        "dantzig": 52.956,
        "random": 114.588,
        "bland": 173.588,
        "steepest_edge": 34.52
    }
}