{
    "total_time": {
        "dantzig": 0.9861135482788086,
        "random": 1.0490007400512695,
        "bland": 1.3065414428710938,
        "steepest_edge": 0.9768037796020508
    },
    "num_pivot_steps": {
        "dantzig": 2.812,
        "random": 3.624,
        "bland": 3.604,
        "steepest_edge": 2.708
    }
}