{
    "simplex": 2.1789919939041136,
    "interior_point": 6.086628962516785
}