{
    "total_time": {
        "dantzig": 618.8921308517456,
        "random": 1271.7917108535767,
        "bland": 2031.9266366958618,
        "steepest_edge": 455.9714307785034
    },
    "num_pivot_steps": {
        "dantzig": 42.192,
        "random": 89.328,
        "bland": 129.664,
        "steepest_edge": 29.48
    }
}