{
    "total_time": {
        "dantzig": 11688.344347953796,
        "random": 23821.692949295044,
        "bland": 63444.75383281708,
        "steepest_edge": 6659.725008964539
    },
    "num_pivot_steps": {
        "dantzig": 158.64,
        "random": 375.2,
        "bland": 788.932,
        "steepest_edge": 93.688
    }
}