{
    "total_time": {
        "dantzig": 0.574336051940918,
        "random": 1.3239946365356445,
        "bland": 0.6115493774414062,
        "steepest_edge": 0.21493244171142578
    },
    "num_pivot_steps": {
        "dantzig": 2.856,
        "random": 3.912,
        "bland": 4.056,
        "steepest_edge": 2.828
    }
}