{
    "total_time": {
        "dantzig": 1840.0931034088135,
        "random": 3969.2503871917725,
        "bland": 7313.905574798584,
        "steepest_edge": 1306.5223741531372
    },
    "num_pivot_steps": {
        "dantzig": 81.0,
        "random": 187.148,
        "bland": 298.0,
        "steepest_edge": 55.284
    }
}