{
    "simplex": 37.014093091964725,
    "interior_point": 19.692326476097108
}