{
    "simplex": 2.723868327140808,
    "interior_point": 2.9098410415649414
}