{
    "simplex": 18.07726502418518,
    "interior_point": 11.52367819404602
}