{
    "total_time": {
        "dantzig": 56.919230461120605,
        "random": 108.11618900299072,
        "bland": 121.05874061584473,
        "steepest_edge": 52.50366687774658
    },
    "num_pivot_steps": {
        "dantzig": 21.252,
        "random": 40.776,
        "bland": 44.592,
        "steepest_edge": 17.948
    }
}