{
    "total_time": {
        "dantzig": 2642.0291328430176,
        "random": 5701.4535846710205,
        "bland": 11299.949663162231,
        "steepest_edge": 1811.5143489837646
    },
    "num_pivot_steps": {
        "dantzig": 93.064,
        "random": 216.548,
        "bland": 365.588,
        "steepest_edge": 61.756
    }
}