{
    "simplex": 0.5173093147277832,
    "interior_point": 0.7741332187652588
}