{
    "total_time": {
        "dantzig": 2.379185676574707,
        "random": 3.304920196533203,
        "bland": 3.1746673583984375,
        "steepest_edge": 1.4932374954223633
    },
    "num_pivot_steps": {
        "dantzig": 5.76,
        "random": 8.22,
        "bland": 8.072,
        "steepest_edge": 5.528
    }
}