{
    "total_time": {
        "dantzig": 735.4792041778564,
        "random": 1498.5522766113281,
        "bland": 2684.2015466690063,
        "steepest_edge": 532.6535415649414
    },
    "num_pivot_steps_first_phase": {
        "dantzig": 37.244,
        "random": 90.944,
        "bland": 137.6,
        "steepest_edge": 28.04
    },
    "num_pivot_steps_second_phase": {
        "dantzig": 20.224,
        "random": 35.996,
        "bland": 47.316,
        "steepest_edge": 19.76
    },
    "num_pivot_steps_total": {
        "dantzig": 57.468,
        "random": 126.94,
        "bland": 184.916,
        "steepest_edge": 47.8
    }
}