{
    "simplex": 4.91847589302063,
    "interior_point": 4.828982972145081
}